{ "logo": { "title": "管理员后台", "image": "/admin/images/avatar.jpg" }, "menu": { "data": [ { "id": 2, "title": "网站设置", "icon": "layui-icon layui-icon-console", "type": 1, "openType": "_iframe", "href": "./webset.html" }, { "id": 3, "title": "接口管理", "icon": "layui-icon layui-icon-fonts-code", "type": 0, "openType": "_iframe", "children": [ { "id": 30, "title": "接口添加", "icon": "layui-icon layui-icon-add-circle", "type": 1, "openType": "_iframe", "href": "./addapi.html" }, { "id": 31, "title": "参数设置", "icon": "pear-icon pear-icon-edit", "type": 1, "openType": "_iframe", "href": "./apiinfo.html" }, { "id": 32, "title": "数据绑定", "icon": "pear-icon pear-icon-file-common", "type": 1, "openType": "_iframe", "href": "./datainfo.html" }, { "id": 33, "title": "文件绑定", "icon": "pear-icon pear-icon-file-delete", "type": 1, "openType": "_iframe", "href": "./fileinfo.html" }, { "id": 34, "title": "接口列表", "icon": "layui-icon layui-icon-list", "type": 1, "openType": "_iframe", "href": "./apilist.html" } ] }, { "id": 4, "title": "会员管理", "icon": "layui-icon layui-icon-group", "type": 0, "href": "", "children": [ { "id": 40, "title": "注册设置", "icon": "pear-icon pear-icon-edit", "type": 1, "openType": "_iframe", "href": "./setuser.html" }, { "id": 41, "title": "添加会员", "icon": "layui-icon layui-icon-add-circle", "type": 1, "openType": "_iframe", "href": "./adduser.html" }, { "id": 41, "title": "会员列表", "icon": "layui-icon layui-icon-user", "type": 1, "openType": "_iframe", "href": "./userinfo.html" }, { "id": 41, "title": "已购买接口列表", "icon": "layui-icon layui-icon-list", "type": 1, "openType": "_iframe", "href": "./ownedinfo.html" } ] }, { "id": 5, "title": "卡密添加", "icon": "pear-icon pear-icon-file", "type": 1, "openType": "_iframe", "href": "./addkami.html" }, { "id": 6, "title": "卡密管理", "icon": "pear-icon pear-icon-edit", "type": 1, "openType": "_iframe", "href": "./kami.html" }, { "id": 7, "title": "订单记录", "icon": "layui-icon layui-icon-log", "type": 1, "openType": "_iframe", "href": "./order.html" }, { "id": 8, "title": "邮箱配置", "icon": "pear-icon pear-icon-email", "type": 1, "openType": "_iframe", "href": "./email.html" }, { "id": 9, "title": "Redis配置", "icon": "pear-icon pear-icon-layers", "type": 1, "openType": "_iframe", "href": "./redis.html" }, { "id": 10, "title": "访问前台", "icon": "pear-icon pear-icon-electronics", "type": 1, "openType": "_blank", "href": "/" } ], "accordion": true, "collaspe": false, "control": false, "controlWidth": 500, "select": "0", "async": false }, "tab": { "enable": true, "keepState": true, "session": true, "max": "30", "index": { "id": "0", "href": "./console.html", "title": "首页" } }, "theme": { "defaultColor": "1", "defaultMenu": "dark-theme", "defaultHeader": "light-theme", "allowCustom": true, "banner": true }, "colors": [ { "id": "1", "color": "#2d8cf0", "second": "#ecf5ff" }, { "id": "2", "color": "#36b368", "second": "#f0f9eb" }, { "id": "3", "color": "#f6ad55", "second": "#fdf6ec" }, { "id": "4", "color": "#f56c6c", "second": "#fef0f0" }, { "id": "5", "color": "#3963bc", "second": "#ecf5ff" } ], "other": { "keepLoad": "1200", "autoHead": true }, "header": { "message": false } }