{ "logo": { "title": "无名社工库", "image": "/favicon.ico" }, "menu": { "data": [ { "id": 2, "title": "我的接口", "icon": "fa fa-shopping-cart", "type": 1, "openType": "_iframe", "href": "/user/owned.html" }, { "id": 3, "title": "产品列表", "icon": "fa fa-list-alt", "type": 1, "openType": "_iframe", "href": "/user/goods.html" }, { "id": 4, "title": "消费记录", "icon": "fa fa-edit", "type": 0, "href": "", "children": [ { "id": 10, "title": "购买记录", "icon": "layui-icon layui-icon-console", "type": 1, "openType": "_iframe", "href": "/user/buyapi.html" }, { "id": 11, "title": "充值记录", "icon": "layui-icon layui-icon-console", "type": 1, "openType": "_iframe", "href": "/user/buypay.html" } ] }, { "id": 5, "title": "自助充值", "icon": "layui-icon layui-icon-console", "type": 1, "openType": "_iframe", "href": "/user/pay.html" }, { "id": 6, "title": "修改密码", "icon": "icon pear-icon pear-icon-edit", "type": 1, "openType": "_iframe", "href": "/user/passwd.html" } ], "accordion": true, "collaspe": false, "control": false, "controlWidth": 500, "select": "10", "async": false }, "tab": { "enable": true, "keepState": true, "session": true, "max": "30", "index": { "id": "0", "href": "/user/console.html", "title": "首页" } }, "theme": { "defaultColor": "2", "defaultMenu": "dark-theme", "defaultHeader": "light-theme", "allowCustom": true, "banner": true }, "colors": [ { "id": "1", "color": "#2d8cf0", "second": "#ecf5ff" }, { "id": "2", "color": "#36b368", "second": "#f0f9eb" }, { "id": "3", "color": "#f6ad55", "second": "#fdf6ec" }, { "id": "4", "color": "#f56c6c", "second": "#fef0f0" }, { "id": "5", "color": "#3963bc", "second": "#ecf5ff" } ], "other": { "keepLoad": "1200", "autoHead": true }, "header": { "message": false } }